nroEstudiante,apellido,dni,genero,nombre,idCiudad
1,Noury,38887012,Polygender,Cornall,112
2,Veldman,34812659,Male,Cindy,277
3,Moulsdale,43539957,Genderfluid,Zarla,369
4,Bernth,43254337,Polygender,Nonie,124
5,Litster,44912679,Genderqueer,Clarita,67
6,Reaper,42990565,Genderqueer,Valentine,83
7,Le Claire,31402111,Bigender,Fulvia,179
8,Feldon,42237405,Polygender,Heath,115
9,Buttrick,37157654,Genderqueer,Ezmeralda,273
10,Hardinge,41899932,Polygender,Dari,75
11,Giacopelo,40923690,Polygender,Elissa,431
12,Benediktsson,44798648,Agender,Edgardo,214
13,Prendeguest,31065382,Female,Roobbie,137
14,Whinray,42415315,Polygender,Adelind,325
15,Shegog,39547887,Agender,Talbert,458
16,Nutting,38443106,Bigender,Annetta,233
17,Klehyn,32622211,Agender,Jana,192
18,Paulino,31524556,Genderfluid,Shelton,105
19,Brosenius,42023327,Agender,Ephrem,439
20,Saull,31413912,Non-binary,Nikolos,455
21,Diem,30209958,Polygender,Ida,317
22,Dilawey,31738436,Male,Nicolle,28
23,Dargan,36972758,Male,Nicolle,155
24,Dreier,30160531,Male,Krystle,413
25,Godsal,39030500,Female,Leslie,395
26,Yurygyn,39196899,Female,Jerrilee,133
27,Scholig,34209026,Non-binary,Giorgio,380
28,Alishoner,39096575,Bigender,Dexter,101
29,Boyett,34390534,Genderfluid,Dareen,58
30,Janning,38683988,Male,Fenelia,453
31,Bertie,31014069,Agender,Alvin,413
32,Melmoth,39132188,Non-binary,Pet,452
33,Eddisforth,43240581,Genderqueer,Simonette,106
34,Wackley,44367047,Male,Jemima,98
35,Hebden,43101093,Non-binary,Garwood,68
36,Hebburn,34475733,Male,Antonina,440
37,Gueny,34616533,Male,Nollie,275
38,Roscamp,44436849,Non-binary,Effie,252
39,Gross,41506774,Polygender,Doti,66
40,Lanfear,30367131,Agender,Amble,316
41,Zecchinii,36541760,Polygender,Harlie,242
42,Coates,31392420,Genderqueer,Rayner,11
43,Proger,43123295,Agender,Tripp,148
44,Gabala,32602429,Polygender,Ursa,63
45,Tackle,40894868,Agender,Meier,187
46,Rodgers,41857568,Male,Carree,478
47,Kimbury,38600586,Bigender,Isobel,225
48,Stickells,37586605,Polygender,Happy,427
49,Samworth,43085959,Non-binary,Judith,417
50,Keems,36735993,Genderqueer,Bertrando,201
51,Scarrott,37939771,Agender,Becka,26
52,Garbett,37540610,Non-binary,Jone,62
53,Lippard,32826986,Agender,Brice,375
54,MacGibbon,34834170,Bigender,Kelley,199
55,Vanns,35950518,Bigender,Nikolaus,102
56,MacGill,32561359,Male,Hagan,325
57,Machel,41671427,Female,Curtis,461
58,Fyers,31459242,Genderqueer,Edwin,14
59,Dureden,39802132,Genderqueer,Sheilah,160
60,Gland,41248281,Genderqueer,Hurley,347
61,Denial,43992750,Male,Amby,425
62,Gidney,36593730,Genderfluid,Lynnelle,327
63,Grgic,30092878,Male,Darwin,362
64,Burgise,42187074,Female,Ludvig,62
65,Michelotti,43546076,Genderqueer,Matelda,126
66,Gohier,37761010,Genderqueer,Tommie,392
67,Atwel,41402909,Bigender,Dorotea,316
68,Simmill,32896729,Genderfluid,Kahlil,29
69,Cranstoun,36649438,Polygender,Kippar,217
70,Russ,33367890,Agender,Harmonia,342
71,Greim,35033825,Genderfluid,Kalila,442
72,Wardesworth,40223946,Agender,Vail,75
73,Hehnke,34904764,Bigender,Bradney,451
74,Crossby,33273426,Non-binary,Tami,427
75,Moorman,36396016,Genderqueer,Joela,337
76,Sarson,32221714,Bigender,Arleta,8
77,Casero,44988957,Male,Celestyn,174
78,Evenden,42348169,Genderqueer,Cody,438
79,Dankov,40489781,Polygender,Leopold,304
80,Grigoliis,32593405,Non-binary,Pace,74
81,Norcliffe,33053358,Non-binary,Arney,384
82,Melhuish,30549664,Bigender,Doy,399
83,Hinrichs,33595854,Non-binary,Curr,471
84,Lionel,36235442,Genderqueer,Darcy,488
85,Caldecott,37197338,Male,Sheffie,481
86,Ternault,30717737,Agender,Stephanus,284
87,Connichie,34392332,Bigender,Jacki,464
88,Berrecloth,30799417,Bigender,Suzi,333
89,Yaneev,38466474,Male,Guntar,259
90,Dubs,34089728,Male,Desdemona,455
91,Glendinning,30203898,Genderfluid,Aluino,447
92,Brimmacombe,34306371,Genderqueer,Silvana,191
93,Kunz,38333837,Genderfluid,Kathleen,138
94,Divell,36348303,Bigender,Ambrose,75
95,Petrakov,39838615,Genderqueer,Stanislaus,360
96,Flay,42477072,Genderqueer,Caria,344
97,Pordal,36205509,Polygender,Myrtie,156
98,Brito,30473226,Non-binary,Rodd,177
99,Wyatt,44927605,Polygender,Felice,423
100,Fishpond,39183075,Polygender,Lowrance,396
101,Saville,31124801,Female,Kesley,121
102,Richens,32471471,Genderfluid,Jamison,254
103,Canty,31470578,Genderfluid,Tanhya,160
104,Blues,43931262,Male,Patin,319
105,Wicken,36881167,Polygender,Isidoro,47
106,Chewter,41281846,Genderqueer,Alikee,407
107,Gloy,41617229,Polygender,Bryan,272
108,McCosker,30588340,Non-binary,Ezra,392
109,Hiddsley,41748478,Male,Johny,264
110,Buxsy,32817369,Bigender,Llywellyn,154
111,Dormer,39617909,Female,Debra,327
112,Coker,34446664,Male,Eula,41
113,Rozec,41227399,Agender,Robbie,23
114,Plewes,38395829,Female,Jeanine,204
115,Lowman,42423580,Genderfluid,Harli,295
116,Ferroni,30490443,Genderfluid,Kathrine,232
117,Phelipeaux,43419420,Polygender,Corina,221
118,Shenley,43642369,Genderqueer,Willey,233
119,Howroyd,33992664,Female,Darwin,429
120,Norwood,44870434,Genderqueer,Amity,463
121,Spikins,39972248,Genderqueer,Quentin,46
122,Ewbach,39602832,Male,Nessy,86
123,Grove,40263150,Agender,Brewer,151
124,Roussell,35704447,Bigender,Steffane,471
125,Haly,44471126,Male,Randall,357
126,Overill,31495954,Non-binary,Ernst,382
127,Tweedy,41231279,Non-binary,Callean,25
128,Gregorace,40977256,Female,Josias,194
129,Blezard,35114215,Non-binary,Carlo,433
130,Feehan,31424237,Genderfluid,Toby,192
131,Worral,34845450,Male,Xenia,75
132,Romushkin,32721534,Non-binary,Dorry,485
133,Balint,40539330,Genderqueer,Jacquelyn,294
134,Dench,35459461,Bigender,Charissa,398
135,Garie,31103309,Female,Montgomery,170
136,Whithalgh,34565936,Genderqueer,Red,268
137,Van de Velde,30091504,Male,Delmore,47
138,Pullan,34981772,Bigender,Reine,253
139,Idiens,31611823,Non-binary,Lewes,240
140,Sainte Paul,32307599,Male,Arlen,254
141,Semmens,38917929,Genderfluid,Creigh,240
142,Armfield,43074619,Genderqueer,Nicolais,361
143,Pinwell,34127700,Male,Anatol,134
144,Tulley,32874094,Bigender,Rouvin,139
145,Showell,39401037,Polygender,Janaye,344
146,Skehan,30520726,Bigender,Elnora,216
147,Dalloway,34488882,Genderqueer,Annice,139
148,Thyng,31570444,Male,Leicester,210
149,Cranston,37570430,Agender,Frayda,154
150,Grinikhin,37270993,Bigender,Jemmie,228
151,Mellody,38139170,Agender,Annamarie,478
152,Dorr,37612698,Agender,Hettie,15
153,Luke,35876723,Agender,Adena,329
154,O'dell,35051872,Agender,Aimee,5
155,McGeever,39140773,Agender,Maddalena,378
156,Bointon,30778747,Male,Tonie,117
157,Sibbe,41197618,Male,Chilton,303
158,Merwe,42613768,Female,Erik,296
159,Billsberry,43469134,Non-binary,Ulrica,347
160,Hurkett,43564183,Male,Clywd,250
161,Looby,30034207,Polygender,Felizio,365
162,Golde,36401091,Agender,Alis,207
163,Cardenosa,35317663,Female,Kassandra,23
164,Amner,36124169,Genderqueer,Mela,200
165,Boig,39751557,Non-binary,Mil,38
166,Betham,35357825,Bigender,Lenora,68
167,Silburn,37228952,Female,Lilllie,195
168,Hennington,41359838,Polygender,Donnajean,427
169,Whear,32668184,Polygender,Adolpho,429
170,Doree,44593710,Genderfluid,Harald,51
171,Day,30029659,Agender,Flora,17
172,Bartomeu,31339132,Polygender,Abba,339
173,Suerz,33360313,Bigender,Cary,493
174,O'Driscole,43765438,Agender,Marijn,109
175,Nelligan,34753937,Female,Constantine,238
176,Cackett,38356445,Agender,Fay,256
177,Rentoll,30226204,Female,Kit,220
178,MacCarter,38529809,Non-binary,Zora,322
179,Pettman,36653400,Non-binary,Cesare,433
180,Slesser,39586218,Agender,Krishnah,111
181,Chritchlow,30763796,Genderqueer,Sylas,98
182,Jeffcock,42049483,Genderqueer,Homerus,500
183,Jacombs,35873008,Genderfluid,Pen,322
184,Stockow,39029304,Agender,Killie,223
185,Daymond,32341871,Genderfluid,Maximilien,109
186,Kewley,33344793,Bigender,Joela,338
187,Weddup,38296809,Genderqueer,Theresita,312
188,Tate,30562962,Female,Steward,192
189,McKinnon,35694775,Genderfluid,Bran,382
190,Diehn,41848517,Agender,Mortie,342
191,Osgood,31051962,Non-binary,Napoleon,13
192,Knivett,37005572,Genderfluid,Sheba,74
193,Tremaine,31217480,Polygender,Lon,58
194,Capper,36077776,Polygender,Cary,56
195,Robertot,40468304,Female,Burgess,33
196,Baudts,41081457,Male,Tawsha,44
197,Story,36306130,Genderqueer,Bria,334
198,Ennever,32738115,Genderqueer,Wilmette,136
199,Peach,37434358,Male,Viole,141
200,Cassar,42109075,Male,Derwin,493
201,Craisford,40248172,Polygender,Nolan,205
202,Canwell,33797901,Genderqueer,Florida,70
203,Pobjoy,31416676,Non-binary,Brandyn,135
204,Skittle,36765531,Male,Allie,145
205,Barendtsen,36757450,Genderqueer,Charley,119
206,Francescoccio,44090041,Polygender,Gabbi,272
207,Bownde,37919409,Male,Fanya,427
208,Carabet,34300691,Agender,Reinaldo,103
209,Carcass,44536143,Male,Cleon,114
210,Delieu,37479241,Non-binary,Nanette,473
211,Mattke,30115597,Genderqueer,Cyndi,12
212,Goldup,30408026,Genderfluid,Tamqrah,418
213,Apdell,33235921,Female,Doloritas,24
214,Buddle,33952824,Female,Ware,450
215,Brader,33639595,Polygender,Gabie,195
216,Fearnyhough,36138803,Non-binary,Robby,34
217,Pasley,38854503,Male,Reinald,337
218,Shimwell,30265232,Non-binary,Hazel,71
219,Swallow,32270887,Female,Dominic,61
220,Moir,35761893,Polygender,Aguie,67
221,Nuzzi,32780850,Non-binary,Laetitia,334
222,Hodges,38287731,Female,Laurie,338
223,Grishmanov,30496846,Genderfluid,Maren,57
224,Soltan,41612568,Male,Gayler,178
225,Terram,34894815,Genderqueer,Pooh,381
226,Saphin,40841769,Agender,Hagan,268
227,Lakes,36890086,Non-binary,Rozanna,82
228,Olennikov,37351770,Male,Alexia,208
229,Joselevitz,37489766,Polygender,Noak,24
230,Rhymer,31841824,Male,Dwight,275
231,Redish,37527892,Genderqueer,Donnell,93
232,Cruikshanks,33918551,Female,Marlena,96
233,Alflat,33524770,Genderfluid,Lewes,336
234,Farrier,32742478,Female,Curr,184
235,Casbourne,41624076,Non-binary,Vinny,166
236,Tearle,39799361,Bigender,Kirsten,413
237,Gaythwaite,43531671,Polygender,Deanne,470
238,Quadling,36954028,Polygender,Adolphus,188
239,Tree,43152080,Non-binary,Gwenore,269
240,Swinburn,32235059,Genderfluid,Gui,479
241,Frobisher,43206119,Genderfluid,Ferdinande,125
242,Jacke,34517946,Female,Sayres,311
243,Arniz,41066446,Bigender,Lucas,282
244,Pennicard,40469222,Genderqueer,Gwenny,119
245,Edinborough,32733026,Agender,Wanids,497
246,Hinken,30220762,Bigender,Camala,431
247,Ludlamme,34231260,Genderfluid,Kristoffer,88
248,Burgwyn,39518968,Male,Concettina,420
249,Ubanks,34002006,Polygender,Sol,433
250,Roja,36221772,Genderqueer,Clark,230
251,Mathes,43989713,Male,Kerry,393
252,Freeborn,30882840,Polygender,Dion,153
253,Antcliffe,35639330,Female,Stefan,15
254,Sorsbie,33192085,Non-binary,Syman,314
255,Fewkes,36229992,Female,Forester,98
256,Mc Harg,33880452,Bigender,Kalinda,50
257,Burney,40547058,Agender,Cirillo,68
258,Gutcher,42720260,Genderfluid,Jeno,489
259,Middup,42701802,Genderfluid,Leoline,25
260,Arthurs,33313113,Genderqueer,Roseanna,494
261,Kinnerley,41882216,Polygender,Jilleen,424
262,Morgan,36178094,Non-binary,Sean,469
263,Ede,38432526,Polygender,Gratia,305
264,Huegett,33334414,Bigender,Valli,78
265,Corkell,40572254,Polygender,Consolata,314
266,Leeson,32671546,Polygender,Forbes,184
267,Laidler,42359473,Genderfluid,Clerc,44
268,Dunkerk,34390925,Genderqueer,Susannah,407
269,Baribal,38275028,Agender,Sol,273
270,Pringuer,35745170,Non-binary,Roanne,477
271,Swaton,31062745,Genderqueer,Ravid,151
272,Mibourne,40616683,Bigender,Gael,180
273,Sharplin,32614520,Genderqueer,Karita,380
274,Oglevie,31842603,Genderqueer,Lira,147
275,Ludewig,30289267,Non-binary,Betta,71
276,Nardi,44318572,Bigender,Holly,347
277,Bain,38003209,Genderqueer,Alic,33
278,Calbrathe,31561652,Female,Leroi,406
279,Scintsbury,36293870,Genderqueer,Malissia,402
280,Andryushin,35584170,Female,Yurik,175
281,Blackaller,32066213,Bigender,Kristen,122
282,Loyns,32673988,Male,Mahala,497
283,Wedge,42223111,Agender,Nicko,471
284,Cavan,31548179,Male,Kale,285
285,Aleksahkin,37862845,Genderqueer,Carmine,80
286,Miliffe,34749086,Male,Anatola,346
287,Cicchelli,37278563,Genderqueer,Lindon,328
288,Leemans,34617121,Female,Koo,428
289,Hugli,33651673,Genderqueer,Aura,433
290,Ching,35028076,Non-binary,Gabie,211
291,Ousbie,34527774,Non-binary,Cecil,249
292,Casebourne,39954828,Agender,Stacy,97
293,Linstead,40938297,Female,Elyse,76
294,Wittke,32875539,Bigender,Farleigh,261
295,Duxfield,33214658,Genderfluid,Dorey,458
296,Rumming,34341575,Polygender,Leann,170
297,Forryan,43336245,Non-binary,Giacomo,163
298,Triplet,36985764,Polygender,Rennie,79
299,Calderonello,34654558,Bigender,Norrie,359
300,Carnson,40701834,Non-binary,Henryetta,464
301,Biagi,43525700,Genderfluid,Dougy,363
302,Neljes,30767651,Genderfluid,Eugenie,20
303,Copson,40395331,Male,Ebeneser,215
304,Jimenez,39807355,Bigender,Kylie,41
305,Coronas,43685305,Polygender,Nerita,384
306,Bromont,38607925,Genderfluid,Willie,112
307,Easman,44836216,Polygender,Wyatt,28
308,Ipwell,32722439,Genderqueer,Leslie,303
309,Curror,44066421,Bigender,Nicolle,222
310,McNeice,42857210,Non-binary,Arnold,65
311,Tasseler,39910348,Female,Selene,441
312,Lassetter,43115067,Male,Callean,148
313,Maylin,33327144,Polygender,Francisco,209
314,Rouby,34152392,Polygender,Joby,343
315,Palister,41314847,Female,Carver,460
316,Timby,42331164,Bigender,Andrus,154
317,Veillard,41714422,Female,Lamont,328
318,Polding,32874436,Female,Dud,481
319,Kubista,30263026,Female,Simona,228
320,Hakonsen,41676093,Bigender,Sharl,150
321,Haet,35995005,Male,Katie,233
322,MacAllan,34030124,Genderqueer,Catlee,272
323,Belson,33072321,Non-binary,Lindsay,103
324,Gimber,41953064,Agender,Tamarah,57
325,Strangwood,36425756,Polygender,Tabbitha,104
326,Spyvye,36355748,Agender,Frankie,58
327,Strettle,38058995,Genderfluid,Jacklyn,208
328,Fredi,44435684,Genderfluid,Darrick,460
329,Garrud,34021620,Male,Atlanta,344
330,Darwent,36441146,Bigender,Gussy,177
331,Di Maggio,35507945,Polygender,Irina,171
332,Harsum,40238545,Polygender,Carlyn,3
333,Hayfield,32173020,Polygender,Fay,454
334,Aidler,35160915,Genderqueer,Boigie,450
335,Mortlock,36947908,Bigender,Margot,88
336,Ellph,32501482,Polygender,Mandel,365
337,Sutliff,42735962,Male,Mil,32
338,Studde,35646118,Genderqueer,Glenden,321
339,Monroe,39722910,Agender,Madonna,245
340,Gunther,32628286,Agender,Ailbert,290
341,Franciotti,31419514,Genderqueer,Kip,188
342,Attrie,37835804,Female,Brana,198
343,Karlicek,37614329,Male,Denise,323
344,Venediktov,44606660,Non-binary,Dallis,463
345,Frewer,43699278,Male,Laurie,6
346,Ashfold,39320125,Polygender,Tatum,204
347,Poon,44412149,Polygender,Hendrick,201
348,Corfield,31620377,Bigender,Humfried,46
349,Dinnington,30779366,Agender,Dana,483
350,Coolahan,33149400,Male,Adaline,433
351,Bullcock,35094115,Genderqueer,Osborn,49
352,Minot,38257043,Non-binary,Rachele,206
353,Kolakovic,42350623,Bigender,Gabriella,38
354,Layfield,39695837,Polygender,Yettie,206
355,De Bruijne,39777580,Female,Laurella,156
356,D'Alessandro,42904438,Non-binary,Chelsea,151
357,Rosenfeld,34995775,Agender,Sax,389
358,Abyss,38112616,Male,Herta,290
359,Crewther,44934779,Female,Sharron,158
360,Peare,31907243,Genderqueer,Ira,198
361,Toby,43216640,Female,Bailie,188
362,Burges,32708480,Genderqueer,Stanley,74
363,Valens-Smith,44721727,Polygender,Rick,107
364,Lamanby,39147701,Non-binary,Josiah,488
365,Mollon,39372785,Polygender,Neils,88
366,Skyrm,38544567,Genderfluid,Alfonse,335
367,Pettet,37857666,Female,Erminia,22
368,Wardale,41431445,Agender,Violette,303
369,Tunder,36279743,Bigender,Steffi,219
370,Ciccotto,31391373,Genderfluid,Ira,300
371,Bimrose,40243337,Bigender,Lelia,174
372,Spare,33968831,Non-binary,Tommy,348
373,Reye,36496575,Agender,Nessi,355
374,Digges,38755096,Male,Elvin,36
375,Voelker,40367929,Polygender,Gerhardine,307
376,Braunlein,37176203,Female,Jacquelyn,149
377,Collerd,39009557,Male,Robb,42
378,Wardroper,34408604,Genderqueer,Coraline,260
379,Hatje,44444871,Non-binary,Celinda,344
380,Laverenz,44701944,Polygender,Marcellus,447
381,Pohl,35314215,Genderfluid,Josephine,340
382,Betonia,41000730,Agender,Torey,281
383,Scurfield,41835227,Female,Cori,156
384,Monketon,33919133,Non-binary,Alleyn,444
385,Antonelli,36190765,Male,Arabela,447
386,Brims,40925335,Male,Wiatt,112
387,Springthorp,44704335,Male,Desi,71
388,McBrady,44020147,Bigender,Valdemar,476
389,Gettens,37417087,Genderqueer,Raquela,14
390,Bastide,38254577,Male,Calvin,164
391,Seath,30934332,Agender,Barbra,136
392,Bernot,42948754,Genderqueer,Bartholemy,480
393,Charker,40936424,Agender,Reginauld,45
394,Akess,37261782,Bigender,Annecorinne,448
395,McMenamy,40882702,Bigender,Vivyan,396
396,Grushin,38040323,Male,Cloris,66
397,Chuck,40960602,Bigender,Alvis,424
398,Perillo,34822249,Female,Lemmy,473
399,Scrivinor,36004845,Agender,Zach,65
400,Sam,32604077,Male,Rosa,382
401,Yearnes,40025123,Male,Adrianna,137
402,Vanetti,33391263,Male,Goldarina,354
403,Mattityahou,37505562,Male,Devonna,149
404,Philippsohn,34018950,Agender,Alis,128
405,Algar,43622600,Genderqueer,Caldwell,402
406,Getsham,30947672,Female,Hazel,90
407,Allington,39574461,Female,Jeno,492
408,Bedberry,44435433,Female,Ross,212
409,Ornils,44397499,Non-binary,Junia,471
410,Klausewitz,40055194,Non-binary,Case,257
411,Weatherall,40800894,Genderfluid,Jerrold,453
412,Connikie,39696272,Genderfluid,Adham,248
413,Lempke,41360079,Bigender,Wilmer,198
414,Bodicam,31793978,Non-binary,Vinny,64
415,Sagrott,31142328,Non-binary,Marty,207
416,Devaney,35223608,Male,Olympia,217
417,Sharpin,39251657,Male,Marlon,136
418,O'Mohun,36620199,Non-binary,Edna,203
419,Waldera,37647441,Female,Salomone,196
420,Rockell,32945519,Bigender,Dorothy,20
421,Farncombe,34102601,Agender,Kassey,389
422,Presser,34748246,Male,Carrol,486
423,Iveans,36312720,Polygender,Leon,21
424,Schoroder,30751349,Female,Carmon,208
425,Popov,30144752,Bigender,Ariel,288
426,Willmott,40469012,Male,Jessa,391
427,Cicco,33721265,Polygender,Nahum,492
428,Eirwin,41731627,Bigender,Humphrey,84
429,Connick,42176209,Genderqueer,Niki,14
430,Harse,32608941,Genderqueer,Nita,300
431,Cory,36790693,Genderfluid,Allegra,267
432,Champerlen,44831863,Polygender,Antoine,158
433,Spriddle,37347354,Agender,Adriane,316
434,Lawee,36924784,Female,Lianne,352
435,Wyper,33421848,Genderfluid,Isabella,249
436,Draycott,42328313,Genderfluid,Wilfred,56
437,Dockwra,43577585,Non-binary,Gareth,290
438,Chapling,32543032,Female,Knox,42
439,Sicely,41011523,Polygender,Micky,347
440,Dunckley,44262788,Genderfluid,Hilliary,276
441,Borles,33430292,Polygender,Gilbertina,415
442,Goss,35614134,Bigender,Jessie,395
443,Tooth,35172163,Male,Marjorie,6
444,Sweatman,33694501,Genderfluid,Andy,24
445,Smye,42447360,Polygender,Fitzgerald,40
446,Gorrissen,43529485,Genderfluid,Ingmar,438
447,Kinson,30434383,Polygender,Franny,185
448,Barnes,33439579,Agender,Weber,485
449,Kynson,37814046,Female,Aloise,393
450,Rother,44735537,Genderqueer,Mufi,88
451,Cambden,35723306,Non-binary,Noll,129
452,Reveley,30854803,Agender,Ninnette,478
453,Pepperell,33867860,Non-binary,Glenn,63
454,Bradley,37924952,Bigender,Jodi,322
455,Prestner,41098609,Bigender,Silvan,24
456,Husby,36948443,Agender,Benyamin,380
457,Joseph,43109273,Male,Kelli,188
458,De'Vere - Hunt,31011810,Genderqueer,Sabrina,68
459,Machan,30143097,Male,Buck,336
460,Tallowin,37853229,Bigender,Ashlin,121
461,Vango,34257130,Female,Veronique,104
462,Phelan,35425292,Genderfluid,Ardath,145
463,Jarman,38855681,Polygender,Olympe,58
464,Greenig,37041664,Genderqueer,Adham,386
465,Nottram,40724836,Female,Enrica,37
466,Diggell,44957602,Agender,Farand,127
467,Constantine,38619262,Genderfluid,Shea,290
468,Petchell,37759928,Male,Diandra,410
469,Stanesby,30581524,Polygender,Dasya,392
470,Sauter,42482320,Female,Early,83
471,Wimpey,33435888,Genderqueer,Marigold,157
472,Cinelli,30049103,Female,Lucias,184
473,Ricco,44154422,Bigender,Julio,390
474,Cadagan,36264904,Male,Jessamyn,445
475,Reynolds,30406580,Polygender,Melinde,316
476,Deerness,31620771,Genderqueer,Lewiss,358
477,Youde,32092636,Male,Paige,402
478,O'Donegan,38606809,Polygender,Phillis,302
479,Gething,34426164,Agender,Georgi,45
480,Pidgeley,42739708,Non-binary,Giraud,166
481,Robichon,44184576,Non-binary,Trefor,258
482,Grelak,34271177,Non-binary,Jory,275
483,Hargreave,36809711,Female,Randall,38
484,De Lorenzo,35169152,Female,Iggie,447
485,Witchell,31414156,Non-binary,Esmeralda,47
486,Kuhne,41631231,Bigender,Virgil,180
487,Bool,34048137,Genderfluid,Cassi,410
488,Pridding,44263760,Male,Walther,472
489,Engeham,44632054,Genderqueer,Sal,24
490,Wabb,42944401,Polygender,Lloyd,476
491,Nye,40601907,Genderqueer,Clarissa,447
492,Boar,36622257,Bigender,Lesly,26
493,Wadham,31199711,Genderqueer,Gilbertina,156
494,Munnion,43867116,Female,Chickie,93
495,Walter,33350579,Bigender,Garv,447
496,Kurth,35029341,Male,Baudoin,76
497,Ludlow,37109976,Non-binary,Othello,440
498,Romanelli,31645017,Male,Susi,122
499,Purseglove,36828816,Genderqueer,Elysee,239
500,Yakushkin,36154173,Genderfluid,Robby,206
